mean_voltage,std_deviation,peak_count,fft_energy
0.008308454,0.114923685,35,1490.165201
0.008574813,0.114956487,46,1670.716982
0.010343271,0.124526753,44,1556.608691
0.009045004,0.100036098,48,1358.847105
0.00879411,0.126170934,49,1417.413408
0.013045775,0.132011712,42,1435.524554
0.014934062,0.115522513,39,1436.776404
0.007209502,0.131274251,41,1472.145167
0.00797332,0.121908291,49,1419.003905
0.0071716,0.132661176,38,1687.483659
0.00731869,0.115028562,39,1559.506477
0.004268473,0.110624101,35,1355.451755
0.017246223,0.121722523,37,1634.373543
0.015334681,0.125067655,42,1390.076296
0.007300086,0.135768882,44,1382.153396
0.005214933,0.116710399,48,1503.295988
0.009146054,0.119340892,43,1502.653832
0.014127543,0.120263955,46,1588.542845
0.012844463,0.110302316,42,1490.965264
0.00510034,0.105785994,47,1584.245355
0.013277083,0.102520796,38,1485.651623
0.006760988,0.113562184,47,1474.695008
0.003879151,0.114220113,45,1552.321411
0.01290455,0.115108148,48,1492.567615
0.003370305,0.127487615,45,1535.22236
0.004837875,0.130733692,41,1572.539125
0.011608079,0.12177885,41,1298.196398
0.018596761,0.107056853,38,1504.051119
0.007105209,0.109215522,37,1574.985843
0.012486592,0.107337275,41,1516.736197
0.017119551,0.107370477,36,1295.969696
0.013569568,0.104561129,44,1525.914291
0.010492955,0.137050476,43,1449.586551
0.007524897,0.106385418,41,1482.407153
-0.001965166,0.122555869,45,1535.399863
0.016439109,0.126780782,39,1467.706007
0.009034578,0.118491618,49,1480.052313
0.012503747,0.117432571,44,1661.046874
0.015490967,0.128916879,44,1591.082163
0.007131934,0.102997212,45,1366.113699
0.011095192,0.115598588,43,1577.766804
0.008599574,0.12343233,35,1381.928254
0.01339964,0.136873824,37,1431.696694
0.011690441,0.103170039,38,1417.53926
0.006973152,0.109568689,47,1424.838035
0.010711889,0.121940233,40,1427.19377
0.003513711,0.127349701,36,1597.971099
0.014554132,0.11923646,39,1587.695034
0.016144104,0.113248528,44,1366.313642
0.015717884,0.128229858,40,1650.022694
0.006579882,0.129965272,47,1456.810866
0.009144274,0.111168262,38,1516.308978
0.013108025,0.123289497,37,1621.018582
0.013368092,0.123901823,48,1532.106076
0.013797049,0.118775438,47,1720.099362
0.004594799,0.114836782,41,1425.823322
0.006290798,0.132349207,46,1397.761291
0.006265159,0.130047613,46,1544.816653
0.005109447,0.121128064,43,1546.344112
0.010802461,0.112564525,37,1418.954999
0.019029059,0.131182761,38,1576.602709
0.013598604,0.117477093,41,1686.007606
0.004075608,0.110696931,43,1488.855865
0.014294123,0.110852819,42,1581.851273
0.017024089,0.121459857,37,1524.779056
0.014244566,0.127023008,46,1445.480826
0.0185769,0.122824725,38,1553.320961
0.014144629,0.112809368,43,1554.271379
0.008418859,0.113552943,39,1527.985451
0.013945247,0.117511495,41,1591.077843
0.007196382,0.10351666,44,1499.093897
0.013316519,0.10803293,43,1460.854063
0.006135691,0.114288755,44,1417.243259
-0.001977806,0.11594007,49,1503.71873
0.015480729,0.098087996,49,1524.716664
0.008317414,0.109739725,47,1550.889976
0.001692114,0.094839796,45,1532.554758
0.015638569,0.125663097,48,1454.034283
0.009563368,0.130573442,45,1281.869608
0.013284736,0.122795472,44,1442.464351
0.00294271,0.119433382,47,1315.120431
0.002600716,0.130598282,42,1503.854942
0.017047876,0.132186279,44,1586.442745
0.010227097,0.107991116,43,1606.072328
0.006414189,0.130263161,36,1472.395688
0.009536391,0.147906701,39,1562.37164
0.013484015,0.129080044,46,1515.026722
0.020026668,0.125186817,44,1421.615062
0.006794135,0.112401108,36,1300.961698
0.009204601,0.104159967,40,1481.18774
0.016151203,0.135479284,48,1541.107663
0.010707025,0.132650744,36,1611.599197
0.010796563,0.13315107,49,1350.120735
0.007530782,0.120440305,40,1724.144093
0.020947509,0.115476706,49,1582.988477
0.012218534,0.123346214,39,1477.522252
0.012793938,0.132564329,36,1494.594157
0.013524115,0.131337959,42,1430.604777
0.012784688,0.137768561,44,1399.312699
0.016457532,0.131591032,37,1475.334319
0.002883066,0.07157223,24,1084.608915
-0.007110764,0.076854314,27,1138.141323
0.00086078,0.067107925,28,984.1650775
-0.002029525,0.09477134,25,931.5886747
-0.002338841,0.080067799,22,999.1817989
-0.007762334,0.069296835,31,900.8252701
-0.006731444,0.066240805,23,755.5172828
-0.008405699,0.076976727,31,1129.637581
-0.006685205,0.06932005,22,869.5211512
-0.00130927,0.087764438,25,936.2066958
-0.01452873,0.080653116,23,907.9349381
-0.013119593,0.091841234,26,823.548466
0.006939633,0.081205078,23,1028.828045
-0.006514953,0.072926467,22,1059.950895
-0.004961227,0.076095263,31,1089.159666
-0.00233829,0.08120593,28,798.09292
0.000763659,0.088866736,34,940.148219
-0.009907204,0.08094035,26,871.7910792
-0.000937412,0.083215268,27,881.994984
-0.006410022,0.074577326,29,954.0408907
-0.008183352,0.074352274,33,902.8459986
-0.012169951,0.066442764,33,901.1879307
-0.0090583,0.078357467,31,1097.013856
0.001062101,0.07221813,22,945.0045647
-0.008039711,0.078201449,22,1121.385315
-0.006738173,0.084959397,26,1228.579879
-0.01082677,0.089326544,24,1193.787961
-0.005595705,0.064406164,26,1114.532741
-1.98E-05,0.096928116,21,1097.435103
-0.010831885,0.092439554,31,942.9552601
-0.001386823,0.075857953,21,867.2342481
-0.010230404,0.077249098,29,1093.312622
-0.005557282,0.08587276,22,955.3651614
-0.001037426,0.074355057,25,993.5741468
-0.00997944,0.088293761,30,962.0699984
0.00059883,0.09103522,30,1036.502079
0.000324599,0.083899657,20,1035.601732
-0.012249799,0.084763143,31,1018.734058
-0.008493165,0.097562293,26,1135.392554
-0.016187142,0.073885115,25,1084.883953
-0.005818532,0.075270231,25,1159.069339
-0.012272222,0.070496383,28,907.4183057
-0.00680605,0.066090559,21,1115.900308
-0.003853312,0.074958183,32,928.4097154
-0.006221567,0.067559309,26,980.3532654
-0.007247092,0.0677482,26,991.7199913
0.002893427,0.072099402,23,1053.337304
0.002563319,0.075053642,24,1088.518733
-0.002204314,0.076766982,21,1000.329899
-0.013531964,0.096692329,29,945.9930814
-0.000580499,0.078843462,30,983.4289179
0.001656495,0.091146947,22,927.2091148
-0.004010768,0.074082149,33,1118.614387
-0.008221755,0.083193483,25,1197.618604
-0.007855212,0.08189321,26,890.6733407
-0.001133124,0.079995483,21,1075.860163
-0.012152384,0.08843294,30,1044.560153
-0.008573044,0.074331246,32,927.0198749
-0.011647393,0.074928658,30,1075.977683
-0.003223008,0.093178666,28,906.271148
0.004888098,0.063305528,20,949.7278524
-0.001496757,0.083553601,28,1055.626548
-0.002407248,0.109886374,29,1149.850424
-0.004845452,0.102996986,22,1094.12607
0.001812018,0.065143964,29,873.66778
-0.006280376,0.091554638,26,1033.161748
0.000330832,0.076909415,31,964.2972522
-0.007436097,0.074619622,32,1120.14133
-0.000222469,0.070283433,23,859.9904273
-0.012626235,0.077511168,23,1045.713976
-0.005789254,0.080408623,34,981.4425767
-0.008709713,0.065812758,34,857.0005796
-0.000272121,0.086316804,21,1075.067197
-0.00183512,0.077140569,21,1021.326994
-0.010280228,0.078426608,25,1130.699214
-0.010074637,0.096457192,33,1261.955394
-0.009513191,0.082790713,22,903.4482056
-0.00316596,0.079595185,32,769.2367991
-0.006710074,0.095688251,31,1063.196201
0.006108692,0.083854708,25,1154.504153
-0.003996927,0.080937076,23,976.1654529
-0.007182956,0.049459966,28,908.2394344
-0.009100859,0.083075649,27,1071.8609
-0.003850693,0.082161756,33,952.1478918
-0.002030644,0.092763564,27,1032.077161
-0.007172571,0.080293834,33,978.224699
-0.007812155,0.074472876,31,1011.376863
0.005962675,0.082333355,33,796.2934461
0.001863582,0.052187636,33,779.9265435
0.000235073,0.090176911,31,932.846484
0.000891814,0.095707546,23,1098.113886
-0.005826021,0.092009642,27,1006.135395
-0.010955804,0.067785026,32,1097.338038
-0.010891126,0.073620995,23,1051.328159
-0.005947019,0.086073992,27,911.5427684
-0.009336188,0.085677583,25,1039.009738
-0.003486464,0.082144791,25,1047.452081
0.00188287,0.080757332,27,903.8773759
-0.0120141,0.052611836,28,963.152944
-0.003670404,0.098996115,26,1009.681194
0.020311485,0.04957983,18,600.0115426
0.023933125,0.066772793,16,433.1692929
0.026011605,0.045520887,18,557.5471719
0.023411674,0.050759846,16,457.644171
0.021218946,0.051938857,11,586.0859868
0.015121277,0.049693252,12,528.0939316
0.021397704,0.064462097,15,493.7849489
0.024177957,0.035015851,10,435.5804062
0.016191241,0.050009467,12,500.5005034
0.025458797,0.05976879,16,489.4239014
0.020251118,0.058175608,15,414.4684091
0.01662898,0.052756941,10,544.196087
0.021275238,0.052249186,13,560.9208805
0.017981073,0.043767576,15,518.6460638
0.014304263,0.04226785,14,505.9367128
0.030869486,0.036107557,16,363.212912
0.011814118,0.052784157,16,410.3727016
0.020263566,0.057699664,16,449.4276779
0.020415357,0.044858493,16,546.3363937
0.013944865,0.055077845,11,465.4106395
0.022795212,0.042327408,10,611.7029257
0.019376408,0.053719619,16,464.7971935
0.019276444,0.064221386,17,503.4842671
0.019190182,0.04329429,10,426.6841045
0.019328857,0.043542793,13,505.6424836
0.016185025,0.050084097,17,505.510904
0.024048607,0.031782279,16,449.8894816
0.012124482,0.036359984,15,514.0614573
0.013291175,0.058027011,17,552.03111
0.01397684,0.050870265,19,515.9517767
0.017190364,0.061358623,19,497.5426846
0.018642734,0.05893829,15,582.0727014
0.019531978,0.062006202,19,481.9063764
0.021049157,0.057290594,17,509.1911187
0.021864562,0.038407353,18,498.8904112
0.026792132,0.051320814,17,493.8468201
0.019581606,0.051054302,18,511.5767255
0.026129199,0.030767699,18,523.8549989
0.025715911,0.05591408,16,518.0280719
0.019133654,0.055161708,18,513.801437
0.015391748,0.05451843,19,556.0541511
0.019084982,0.035024042,15,411.165386
0.013175068,0.045678878,17,430.8130599
0.021995398,0.046295979,16,513.0555386
0.018873344,0.065612211,13,510.0338103
0.016563588,0.057209807,13,494.6572508
0.019333756,0.063997783,17,534.7192345
0.029836436,0.051054875,15,526.1619673
0.011342411,0.062395212,19,425.2451541
0.020297442,0.054066787,16,499.4552309
0.017860515,0.030689725,16,450.611909
0.019518383,0.057622493,10,408.92232
0.026166339,0.065096005,16,494.8466404
0.019368764,0.052909081,12,509.5583367
0.016940032,0.049014055,16,485.2300084
0.031147421,0.071770973,11,570.4959124
0.023056566,0.035599873,15,503.3001003
0.017209636,0.062632066,17,558.542354
0.023614207,0.050280222,13,457.8827013
0.018219146,0.056761109,13,536.1320441
0.02029583,0.053168037,12,521.6483417
0.020186503,0.043193869,12,510.1520743
0.020679221,0.068948292,11,437.1752256
0.019848086,0.060076829,19,554.5686801
0.021321292,0.041991801,18,437.0224645
0.015901632,0.061697545,13,439.7493836
0.021011213,0.049952018,17,511.2522711
0.025153467,0.040891936,18,492.9154879
0.026773494,0.052868366,13,498.0746713
0.018715751,0.060118539,15,462.5265397
0.028290006,0.051012795,19,550.1606069
0.021341593,0.050785947,10,383.8960724
0.016110687,0.05705166,18,504.2117721
0.019218082,0.042303282,15,418.780395
0.019877437,0.052346673,13,527.5377558
0.02631143,0.034263408,15,458.982241
0.019364221,0.025894693,16,523.3141086
0.031219359,0.056128128,10,503.7946093
0.017836246,0.0280625,11,464.762765
0.006266248,0.055032616,14,486.9888886
0.013284675,0.046750584,12,525.4665035
0.029089951,0.027525213,13,529.3757745
0.014187663,0.04092037,15,561.919304
0.009865061,0.050018705,17,543.9534359
0.019571512,0.047178352,12,560.6814214
0.028274805,0.048891367,17,496.8232837
0.022616432,0.058481077,11,558.6819246
0.01386405,0.046857497,15,470.4827942
0.013601779,0.077543353,16,469.3517745
0.025877191,0.045572231,16,530.7026861
0.022770588,0.051939366,15,564.6144217
0.024471785,0.06176605,10,534.7592988
0.018719728,0.050010724,12,473.0594216
0.019523456,0.055283262,17,558.2202874
0.015214472,0.04540942,10,514.5881275
0.014986006,0.059743863,14,416.4647871
0.017706643,0.048548167,15,433.5760194
0.020124537,0.042711032,15,534.0917083
0.018280366,0.040233579,10,567.7213907
0.020721479,0.051936534,19,527.5781491
